{
  "W": [
    [
      0.6460818338779954,
      0.557419341352971,
      0.4918399921887732,
      0.17690485086743996,
      0.45165515346988505,
      0.2169807960378763
    ],
    [
      0.5099825150049491,
      0.5169406198650541,
      0.7120124161468238,
      0.514952589905024,
      0.6079431378460589,
      0.521562739705174
    ],
    [
      -0.2970134640629245,
      -0.19800897604194967,
      -0.4950224401048741,
      0.6930314161468237,
      -0.2970134640629245,
      -0.19800897604194967
    ],
    [
      0.19800897604194967,
      0.2970134640629245,
      0.39601795208389934,
      0.39601795208389934,
      0.2970134640629245,
      0.39601795208389934
    ]
  ],
  "n_actions": 4,
  "n_factors": 6,
  "factor_names": [
    "travel_match",
    "asset_criticality",
    "threat_intel_enrichment",
    "pattern_history",
    "time_anomaly",
    "device_trust"
  ],
  "decision_count": 10
}